CustomerID,FullName,Email,Phone,Address,RegisteredAt
1,Richard Sanchez,xalvarez@example.net,03907074545,"Unit 6363 Box 8578, DPO AP 19053",2024-10-30
2,Denise Watts,johnlowe@example.net,03324331979,"472 Wayne Rapids Suite 404, Nicoleport, PR 46210",2025-05-12
3,Tony Hansen,christine57@example.net,03435604219,"3111 Victoria Path, Davisside, WI 60011",2024-03-25
4,Dawn Wright,michaellopez@example.com,03511396377,"63527 Hernandez Mountains, Davisside, PR 91450",2023-04-15
5,Morgan Miller,chad23@example.com,03495961415,"761 Kelsey Mall, Klinefurt, MO 73408",2023-01-26
6,Lucas Todd,vmorgan@example.com,03273297506,"844 Black Ford Suite 310, South Ronald, VI 49070",2025-02-14
7,Maria Anthony,karencastillo@example.com,03003908437,"6999 Mandy Court Apt. 119, Richardstad, PA 29743",2024-06-07
8,Monique Jackson,brendascott@example.org,03053201948,"3585 Lynn Freeway Apt. 996, Carolynberg, MA 96584",2025-08-04
9,Michael Gray,joseph82@example.org,03161924385,"6907 Gross Tunnel Suite 122, South Nicoleshire, HI 23374",2024-01-17
10,Sarah Gilbert,cmiranda@example.net,03095466913,"29561 Michelle Turnpike Suite 564, Shannonmouth, OH 98949",2024-01-21
11,Jackie Mills,christopher12@example.com,03010872657,"84696 Carlson Street Apt. 581, Jacksonmouth, WV 65987",2023-05-09
12,Jessica Fox,samuelmorrison@example.com,03332650001,"7335 Rodney Row Apt. 503, South Darrylfort, NY 40672",2023-07-16
13,Heather Huffman,martinalexandra@example.net,03306349023,"71561 Watts Greens, Port Frankville, MO 23136",2024-08-04
14,Kevin Williams,markchan@example.com,03956296086,"0774 Stark Isle, Russellbury, FM 76804",2023-04-12
15,Justin Holmes,mallorysanders@example.org,03365532741,"04273 Bauer Stravenue Apt. 591, East Tara, MP 35654",2024-09-07
16,Mrs. Lisa Williams,johnsonjames@example.org,03117938454,"8313 Brian Summit Suite 606, Davidhaven, MO 39885",2025-05-05
17,Shannon Anderson,tiffanybarber@example.com,03333843935,"60260 Wilson Rapids, Nicholasburgh, UT 38550",2023-05-31
18,Eric Sanchez,znicholson@example.org,03574569103,"Unit 6268 Box 5253, DPO AA 68306",2023-07-03
19,Kelly Cantrell,heidi13@example.net,03787778029,"8001 Charles Club Apt. 862, South Sarah, NE 13533",2024-05-10
20,Travis Smith,brianharris@example.net,03193337398,"633 Judith Motorway, Reesehaven, GA 40331",2023-06-12
21,Brian Short,ucook@example.net,03991812869,"3808 Gomez Key Suite 664, East Nathanielchester, PA 43852",2023-05-12
22,Gloria Hess,sthompson@example.com,03540564873,"781 Christine Bypass Suite 257, Burtonberg, LA 88457",2025-06-11
23,Christopher Murray,joy68@example.net,03154320217,"755 Cassandra Unions, Stephanieshire, OH 90915",2025-09-30
24,Tracy Anderson,patriciavaughn@example.net,03349864766,"3880 Timothy Trail, Williamsmouth, OR 77705",2024-05-29
25,Stacey Kent,hornkevin@example.com,03034187392,"6346 Christopher Ports Suite 572, Sheilaton, OR 53106",2024-11-03
26,Brian Flores,davidfernandez@example.com,03276299157,"31063 Harrell Hollow, Bensonborough, MH 24057",2023-04-17
27,Robert Clark,jessica78@example.com,03280755096,"271 Scott Extension, Janiceshire, SC 96658",2023-03-03
28,Allison Thomas MD,zlee@example.org,03684319713,"517 Jimenez Corner, Larrymouth, MA 96771",2024-12-25
29,Lisa West,johnsonannette@example.net,03970603358,"2552 Debra Crossing Apt. 851, Ericksonton, OK 79072",2025-05-29
30,Kimberly Dawson,williamwilson@example.net,03607411534,"PSC 8134, Box 2009, APO AP 71960",2024-03-16
31,Carolyn Morales,tiffanydaniels@example.org,03442842596,"769 Vincent Gardens, Charlesborough, DE 03809",2025-07-15
32,Tiffany Barton,jasmine28@example.net,03675705792,"581 Stephanie Isle, New Larry, UT 06994",2023-04-08
33,Corey Friedman,kfrazier@example.com,03441928300,"7485 James Gardens, Parkside, DC 97084",2025-07-01
34,Patrick Carroll,elliottsara@example.net,03598417279,"76107 Klein Route, Shirleychester, AL 63364",2025-07-05
35,Jesus Harris,lrichardson@example.net,03617895630,"USNV King, FPO AP 93768",2024-01-12
36,Amanda Franco,jonathonpruitt@example.net,03054346235,"10263 Travis Mountain, Alexandermouth, ND 17316",2025-04-28
37,Brian Horn,courtney89@example.com,03522649366,"51618 Wallace Via Apt. 520, Leeland, SC 81939",2025-12-10
38,Hannah Davis DDS,phillip21@example.org,03661798288,"9042 Hill Ford Apt. 337, West John, UT 91630",2023-04-27
39,Sara Gutierrez,joseph74@example.net,03586323746,"09478 Billy Crescent, Meyermouth, AK 05020",2025-11-08
40,Cynthia Smith,tyler65@example.com,03596256148,"18210 Daniels Lakes, Lake Jessicaside, UT 23514",2023-11-08
41,Julian Taylor,tyler52@example.com,03100392427,"175 Sarah Curve, Port Davidbury, UT 67728",2023-12-20
42,Michelle Bailey,wmcgee@example.org,03871006348,"9610 Lonnie Square, Sharonville, ND 63101",2025-08-23
43,Vicki Williams DDS,natalierussell@example.net,03131599654,"50046 Hernandez Route Apt. 977, Deniseburgh, CO 20600",2023-11-08
44,Robin Allen,thomas63@example.net,03161029962,"6692 West Plaza, Davidhaven, OH 78267",2024-03-24
45,Misty Rojas,richmondpatricia@example.com,03667863115,"009 Jones Via, Alisonborough, MN 28310",2023-04-16
46,Christine Burns,tabithakane@example.net,03917293765,"48440 Andrew Lodge Suite 364, South Nicholas, HI 23955",2023-08-06
47,Haley Ryan,sanderszachary@example.org,03715739888,"85610 Lopez Radial Apt. 111, Lindsayhaven, CO 85413",2025-11-24
48,Jonathan Taylor,dvasquez@example.net,03412301929,"748 Melinda Plaza Suite 759, Port Jeremyshire, SD 67560",2024-02-17
49,Stacy Wade,rebekahprince@example.org,03841011215,"42964 Patricia Manor Apt. 285, Woodardbury, HI 92561",2024-07-14
50,Joe Mason,richmonddonald@example.org,03760925060,"6219 Clark Corners Suite 849, Lawrenceville, DC 38614",2023-05-01
51,Jenna Beltran,anthonyweaver@example.net,03535782013,"9606 Sara Dam Suite 283, West Melissa, PR 23429",2023-01-05
52,Jacob Reed,jbates@example.net,03224077503,"2301 Marshall Trafficway Apt. 832, West Reneestad, IA 35951",2024-08-06
53,Susan Johnston,alexandriasmith@example.net,03651743865,"61206 Melinda Loop Suite 107, East Carol, MS 40820",2025-07-08
54,Cole Combs Jr.,brian33@example.org,03308137976,"55020 Kemp Glen, North Kendra, TX 18078",2023-11-15
55,Brian Larson,evanskevin@example.com,03269921182,"4682 April Plaza Apt. 399, New Beckyville, MH 91320",2025-10-18
56,Rebecca Harrington,williamjohnston@example.com,03321332971,"08338 Christopher Expressway Suite 968, Karaton, HI 94256",2025-05-24
57,Victor Blake,fwhite@example.net,03525361594,"01120 Mary Forge Suite 641, Reyesmouth, WI 62477",2023-10-12
58,Pamela Sullivan,amanda44@example.com,03824227976,"51644 Christy Ranch, Maryview, WV 02056",2024-01-24
59,Kyle Brown,brendamyers@example.org,03366859740,"4069 Miller Knolls, Jasmineburgh, GU 18921",2025-04-07
60,Jacob Lara,stevenhess@example.com,03876999223,"00786 Hunt Shore Apt. 104, Barnettfort, OK 22488",2024-10-29
61,Jane Hess,christinagardner@example.net,03689381396,"8311 Wyatt Causeway Suite 588, Jeffreyberg, TN 25522",2025-12-22
62,Dylan Chambers,bradybenjamin@example.com,03137115226,"Unit 4198 Box 1124, DPO AE 85144",2025-12-16
63,James Mack,justinlutz@example.org,03271049756,"011 Woods Prairie Apt. 246, Thomasmouth, MH 44369",2025-12-22
64,Laura Blevins,jared35@example.org,03475572327,"9627 Maria Plaza, Hernandezhaven, HI 98805",2023-08-03
65,Robert Francis,andersonwilliam@example.net,03735769835,"48874 Thomas Garden, Lake Carlaborough, NJ 78442",2023-07-20
66,Ronald Taylor,jwallace@example.com,03891878898,"0567 Perez Manors Apt. 635, Thomasbury, ND 92410",2024-09-17
67,Richard White,nmarshall@example.com,03915885421,"PSC 5863, Box 7509, APO AE 05487",2024-02-03
68,Michelle Miller,nathanestrada@example.net,03574589041,"867 Miranda Court Suite 102, Lake Antonio, PA 85999",2025-05-16
69,Samantha Weber,kimberlyblankenship@example.net,03986629797,"74154 Shaffer Mall, East Misty, OR 80112",2023-01-15
70,Brian Hill,timothy02@example.com,03612794378,"2818 Montoya Pass, Port Brianburgh, NM 76502",2024-03-26
71,Angelica Ritter,alexmcgee@example.org,03941366622,"5576 Clayton Extension Suite 413, Duranland, CA 82386",2024-11-21
72,David Silva,cordovajohn@example.com,03202186240,"USNS Kirk, FPO AE 18715",2023-05-02
73,Lori Espinoza,ahughes@example.net,03572235166,"PSC 1226, Box 0030, APO AE 82758",2025-12-11
74,Jesse Rodgers,brentmalone@example.net,03852334345,"503 Christopher Glen Apt. 048, North Thomas, AS 96855",2025-04-27
75,Denise Foster,cgonzalez@example.net,03210214114,"826 Taylor Rapid Suite 814, West Jamesshire, SC 61836",2025-06-17
76,Katherine Gonzalez,carolynthomas@example.org,03577235334,"409 Jensen Flats, East Daniel, ME 77292",2025-03-10
77,Emily Edwards,sarahjohnson@example.com,03617004878,"354 Morgan Hollow, New Danielbury, IA 05507",2025-02-05
78,Joshua White,elizabethclark@example.net,03298206185,"98525 Jackson Valley, North Christopher, MD 11946",2025-03-23
79,Gregory Santana,amywelch@example.org,03260303031,"1660 Hayes Canyon, South Josephport, PA 73584",2025-09-19
80,Sarah Fuller,ryan27@example.org,03307441177,"Unit 2533 Box 8365, DPO AE 67856",2025-12-08
81,John Hicks,hstout@example.net,03460786169,"3388 Williams Squares, Murphytown, AZ 07370",2023-01-01
82,Lisa Rivera,brittanysantos@example.com,03569829242,"24246 Shaw Wells Apt. 111, Boyerstad, ID 24625",2024-05-20
83,Ashley Maldonado,asnyder@example.com,03972729260,"2611 Lewis Lodge Apt. 535, Hillfurt, MD 01204",2024-12-02
84,Emily Figueroa,susan40@example.net,03019180133,"02495 Martin Ranch, Padillaton, WV 63791",2024-09-06
85,Katherine Cox,romeromichelle@example.com,03608450989,"USNV Brown, FPO AE 65130",2024-08-01
86,Shawn Daniel,harrisdonald@example.com,03866330152,"2778 Mary Junctions, Richardbury, VA 01223",2025-05-18
87,Matthew Curtis,christopherlawson@example.org,03778233140,"681 Timothy Fords, North Randyton, AS 85968",2025-06-10
88,Ana Mckee,rhester@example.org,03217861640,"PSC 0066, Box 0164, APO AA 62799",2024-05-23
89,Emily Nguyen,seansmith@example.org,03222101338,"80935 Foley Garden, Brooksville, AK 30976",2024-05-18
90,Mario Jones,armstrongmatthew@example.com,03401243913,"6318 Stevens Crossing, New Kristinamouth, SC 40307",2023-01-29
91,David Davis,mcintoshelizabeth@example.com,03182766473,"784 Cline River Apt. 865, East Maurice, WI 26019",2023-11-25
92,Kevin Wright,deckermonica@example.com,03298483427,"91443 King Canyon Apt. 284, Port Melindaburgh, FL 41937",2024-10-05
93,Larry Rodriguez,timothy50@example.org,03122713408,"8381 Jones Extension Apt. 022, Matthewville, OH 87202",2023-06-06
94,Austin Burton,danielboyd@example.org,03049744845,"15124 Maddox Center Suite 246, Selenaberg, MN 83718",2024-01-30
95,Jennifer Anderson,susanscott@example.net,03858518350,"19725 Gibson Cove, Lyonsland, NJ 08942",2025-10-21
96,Miranda Bryant,derek19@example.net,03355004529,"21229 James Branch, Port Carlos, NY 07578",2025-04-07
97,Eric Gutierrez,catherinemarshall@example.net,03186495493,"6114 Sarah Shoals Apt. 303, Murphyton, CT 17339",2024-04-13
98,Jeff Reynolds MD,jacqueline09@example.org,03759747105,"905 David Port, North Michael, NY 68811",2025-03-16
99,Samantha Green,betty95@example.org,03855359975,"USCGC Bowers, FPO AP 42402",2025-07-08
100,Michael Turner,deborah18@example.org,03575487292,"4310 Cheryl Harbors Apt. 887, Ramosmouth, AR 11140",2024-08-08
